{"FPR": [0.0, 0.0, 0.0, 0.0125, 0.0125, 0.0125, 0.0125, 0.025, 0.025, 0.0375, 0.0375, 0.05, 0.075, 0.0875, 0.0875, 0.1, 0.1125, 0.1125, 0.125, 0.1625, 0.1625, 0.1875, 0.1875, 0.25, 0.25, 0.25, 0.25, 0.3, 0.3, 0.3375, 0.3625, 0.375, 0.4, 0.425, 0.45, 0.4625, 0.4625, 0.4875, 0.525, 0.525, 0.55, 0.5875, 0.6, 0.75, 0.8125, 0.825, 0.825, 0.875, 0.875, 0.925, 0.925, 0.95, 1.0], "TPR": [0.0, 0.015873015873015872, 0.12698412698412698, 0.14285714285714285, 0.25396825396825395, 0.2857142857142857, 0.3492063492063492, 0.3492063492063492, 0.47619047619047616, 0.47619047619047616, 0.5079365079365079, 0.5079365079365079, 0.5396825396825397, 0.5396825396825397, 0.6190476190476191, 0.6190476190476191, 0.6349206349206349, 0.6666666666666666, 0.6825396825396826, 0.6825396825396826, 0.7142857142857143, 0.7142857142857143, 0.7301587301587301, 0.7301587301587301, 0.7619047619047619, 0.7936507936507936, 0.8253968253968254, 0.8253968253968254, 0.8412698412698413, 0.8412698412698413, 0.8412698412698413, 0.8412698412698413, 0.8412698412698413, 0.8412698412698413, 0.8412698412698413, 0.8412698412698413, 0.8571428571428571, 0.8571428571428571, 0.8571428571428571, 0.873015873015873, 0.873015873015873, 0.8888888888888888, 0.8888888888888888, 0.8888888888888888, 0.9047619047619048, 0.9206349206349206, 0.9365079365079365, 0.9523809523809523, 0.9682539682539683, 0.9682539682539683, 0.9841269841269841, 1.0, 1.0], "y_test": [1, 1, 0, 1, 0, 1, 1, 1, 0, 1, 0, 0, 0, 0, 0, 0, 1, 1, 1, 1, 0, 1, 1, 0, 0, 0, 0, 1, 0, 1, 1, 0, 0, 0, 0, 0, 0, 0, 1, 1, 1, 1, 0, 0, 0, 1, 0, 0, 0, 0, 0, 1, 0, 0, 0, 1, 1, 1, 0, 0, 1, 0, 0, 1, 0, 0, 0, 0, 1, 0, 1, 1, 0, 0, 0, 0, 0, 0, 1, 1, 1, 1, 1, 1, 0, 0, 1, 1, 0, 1, 0, 0, 0, 0, 0, 1, 1, 0, 1, 0, 1, 0, 1, 0, 0, 0, 1, 0, 0, 0, 1, 1, 0, 1, 1, 0, 0, 0, 1, 0, 1, 1, 1, 1, 0, 1, 1, 1, 0, 1, 1, 0, 0, 0, 0, 0, 0, 1, 0, 1, 0, 1, 1], "predictions": [1, 1, 0, 1, 0, 0, 1, 1, 0, 1, 0, 0, 0, 0, 0, 0, 1, 0, 1, 1, 0, 1, 1, 0, 0, 0, 0, 0, 0, 0, 1, 0, 0, 0, 0, 0, 0, 1, 1, 0, 0, 0, 0, 0, 0, 0, 0, 0, 0, 0, 0, 0, 1, 0, 0, 1, 0, 0, 0, 0, 0, 0, 0, 1, 0, 0, 0, 0, 1, 0, 1, 1, 0, 0, 1, 0, 0, 1, 0, 1, 0, 1, 1, 0, 0, 0, 1, 1, 0, 1, 0, 0, 0, 0, 0, 1, 1, 0, 1, 1, 1, 0, 1, 0, 0, 0, 0, 0, 0, 0, 1, 0, 0, 0, 0, 0, 0, 0, 1, 1, 0, 0, 1, 1, 0, 1, 0, 1, 0, 0, 1, 0, 0, 0, 0, 0, 0, 0, 1, 1, 0, 1, 1]}